pcd file name,bin file name
101.pcd,000.bin
102.pcd,001.bin
103.pcd,002.bin
104.pcd,003.bin
105.pcd,004.bin
117.pcd,005.bin
118.pcd,006.bin
119.pcd,007.bin
120.pcd,008.bin
121.pcd,009.bin
122.pcd,010.bin
123.pcd,011.bin
124.pcd,012.bin
125.pcd,013.bin
126.pcd,014.bin
127.pcd,015.bin
128.pcd,016.bin
129.pcd,017.bin
130.pcd,018.bin
131.pcd,019.bin
132.pcd,020.bin
133.pcd,021.bin
134.pcd,022.bin
135.pcd,023.bin
136.pcd,024.bin
137.pcd,025.bin
138.pcd,026.bin
139.pcd,027.bin
14.pcd,028.bin
140.pcd,029.bin
15.pcd,030.bin
150.pcd,031.bin
16.pcd,032.bin
160.pcd,033.bin
161.pcd,034.bin
162.pcd,035.bin
163.pcd,036.bin
164.pcd,037.bin
165.pcd,038.bin
166.pcd,039.bin
167.pcd,040.bin
168.pcd,041.bin
169.pcd,042.bin
17.pcd,043.bin
170.pcd,044.bin
172.pcd,045.bin
174.pcd,046.bin
176.pcd,047.bin
178.pcd,048.bin
18.pcd,049.bin
180.pcd,050.bin
19.pcd,051.bin
190.pcd,052.bin
192.pcd,053.bin
194.pcd,054.bin
196.pcd,055.bin
198.pcd,056.bin
20.pcd,057.bin
200.pcd,058.bin
202.pcd,059.bin
204.pcd,060.bin
206.pcd,061.bin
208.pcd,062.bin
21.pcd,063.bin
210.pcd,064.bin
212.pcd,065.bin
214.pcd,066.bin
215.pcd,067.bin
216.pcd,068.bin
218.pcd,069.bin
22.pcd,070.bin
220.pcd,071.bin
222.pcd,072.bin
223.pcd,073.bin
224.pcd,074.bin
225.pcd,075.bin
226.pcd,076.bin
227.pcd,077.bin
228.pcd,078.bin
229.pcd,079.bin
23.pcd,080.bin
230.pcd,081.bin
232.pcd,082.bin
234.pcd,083.bin
236.pcd,084.bin
238.pcd,085.bin
24.pcd,086.bin
240.pcd,087.bin
242.pcd,088.bin
244.pcd,089.bin
246.pcd,090.bin
248.pcd,091.bin
25.pcd,092.bin
250.pcd,093.bin
252.pcd,094.bin
254.pcd,095.bin
256.pcd,096.bin
258.pcd,097.bin
26.pcd,098.bin
260.pcd,099.bin
262.pcd,100.bin
264.pcd,101.bin
266.pcd,102.bin
268.pcd,103.bin
270.pcd,104.bin
272.pcd,105.bin
274.pcd,106.bin
276.pcd,107.bin
278.pcd,108.bin
280.pcd,109.bin
282.pcd,110.bin
284.pcd,111.bin
286.pcd,112.bin
288.pcd,113.bin
29.pcd,114.bin
290.pcd,115.bin
42.pcd,116.bin
43.pcd,117.bin
44.pcd,118.bin
45.pcd,119.bin
46.pcd,120.bin
47.pcd,121.bin
48.pcd,122.bin
49.pcd,123.bin
50.pcd,124.bin
70.pcd,125.bin
71.pcd,126.bin
72.pcd,127.bin
73.pcd,128.bin
74.pcd,129.bin
75.pcd,130.bin
76.pcd,131.bin
77.pcd,132.bin
78.pcd,133.bin
79.pcd,134.bin
80.pcd,135.bin
81.pcd,136.bin
82.pcd,137.bin
83.pcd,138.bin
84.pcd,139.bin
85.pcd,140.bin
86.pcd,141.bin
87.pcd,142.bin
88.pcd,143.bin
89.pcd,144.bin
90.pcd,145.bin
91.pcd,146.bin
92.pcd,147.bin
93.pcd,148.bin
94.pcd,149.bin
95.pcd,150.bin
